Model,ACC,AUC,PR_AUC,Sensitivity,Specificity,PPV,NPV,TP,TN,FP,FN,Best_Threshold
0_Baseline_RF_7Rawt0.90,0.8989583333333333,0.9448459201388889,0.918645737884459,0.9229166666474392,0.8749999999817708,0.8807157057478983,0.9190371991046162,443,420,60,37,0.6571324848782069
